<SOAP-ENV:Envelope xmlns:SOAP-ENV="http://schemas.xmlsoap.org/soap/envelope/"><SOAP-ENV:Header/><SOAP-ENV:Body><ns2:GetAccountByIdResponse xmlns:ns2="com.advantage.online.store.accountservice"><ns2:AccountResponse><ns2:id>964281101</ns2:id><ns2:lastName>Zay</ns2:lastName><ns2:firstName>Art</ns2:firstName><ns2:loginName>ArtZay</ns2:loginName><ns2:accountType>20</ns2:accountType><ns2:countryId>236</ns2:countryId><ns2:countryName>Russia</ns2:countryName><ns2:countryIsoName>ru</ns2:countryIsoName><ns2:stateProvince>Sar</ns2:stateProvince><ns2:cityName>Saratov</ns2:cityName><ns2:address>Address 1</ns2:address><ns2:zipcode>123123123</ns2:zipcode><ns2:phoneNumber>+71231231212</ns2:phoneNumber><ns2:email>ArtZay@test.test</ns2:email><ns2:defaultPaymentMethodId>0</ns2:defaultPaymentMethodId><ns2:allowOffersPromotion>false</ns2:allowOffersPromotion><ns2:internalUnsuccessfulLoginAttempts>0</ns2:internalUnsuccessfulLoginAttempts><ns2:internalUserBlockedFromLoginUntil>0</ns2:internalUserBlockedFromLoginUntil><ns2:internalLastSuccesssulLogin>0</ns2:internalLastSuccesssulLogin><ns2:loginPassword>432017aff9c9bfe265b1c83be1de0ab4de783eea</ns2:loginPassword><ns2:aobUser>false</ns2:aobUser></ns2:AccountResponse></ns2:GetAccountByIdResponse></SOAP-ENV:Body></SOAP-ENV:Envelope>