{
  "FilterHeaders": [
    {
      "Header": "x-requested-with",
      "IncludeInScript": true
    },
    {
      "Header": "user-agent",
      "IncludeInScript": false
    },
    {
      "Header": "upgrade-insecure-requests",
      "IncludeInScript": true
    },
    {
      "Header": "soapaction",
      "IncludeInScript": true
    },
    {
      "Header": "sec-fetch-user",
      "IncludeInScript": true
    },
    {
      "Header": "sec-fetch-site",
      "IncludeInScript": true
    },
    {
      "Header": "sec-fetch-mode",
      "IncludeInScript": true
    },
    {
      "Header": "sec-fetch-dest",
      "IncludeInScript": true
    },
    {
      "Header": "range",
      "IncludeInScript": false
    },
    {
      "Header": "priority",
      "IncludeInScript": true
    },
    {
      "Header": "origin",
      "IncludeInScript": true
    },
    {
      "Header": "if-none-match",
      "IncludeInScript": false
    },
    {
      "Header": "if-modified-since",
      "IncludeInScript": false
    },
    {
      "Header": "authorization",
      "IncludeInScript": true
    },
    {
      "Header": "accept-language",
      "IncludeInScript": false
    },
    {
      "Header": "accept-encoding",
      "IncludeInScript": false
    },
    {
      "Header": "accept",
      "IncludeInScript": false
    }
  ],
  "FilterResources": [
    {
      "IsNonResource": false,
      "type": "video/mp4"
    },
    {
      "IsNonResource": true,
      "type": "text/xml"
    },
    {
      "IsNonResource": true,
      "type": "text/html"
    },
    {
      "IsNonResource": false,
      "type": "text/css"
    },
    {
      "IsNonResource": false,
      "type": "image/svg+xml"
    },
    {
      "IsNonResource": false,
      "type": "image/png"
    },
    {
      "IsNonResource": false,
      "type": "image/jpeg"
    },
    {
      "IsNonResource": false,
      "type": "font/woff"
    },
    {
      "IsNonResource": true,
      "type": "application/json"
    }
  ],
  "GeneralInfo": {
    "BrowserVersion": "",
    "IsWinInetMode": false,
    "MaxUsedConnections": 13,
    "RecordedBrowser": "Firefox",
    "RecordingDate": "ноя-16-2024",
    "RecordingDuration": 232813,
    "RecordingMode": "N/A",
    "RecordingTimeStamp": 1731796966,
    "RecordingType": "Browser",
    "TotalBytesReceived": 1402879,
    "TotalBytesSent": 46530,
    "TotalRequests": 54,
    "UserAgent": "Mozilla/5.0 (Windows NT 10.0; Win64; x64; rv:130.0) Gecko/20100101 Firefox/130.0"
  },
  "HostInfo": [
    {
      "DomainName": "o.pki.goog",
      "Domains": [
        {
          "HTTPVersion": "HTTP/1.1",
          "IP": "173.194.73.94",
          "IncludeInScript": false,
          "Name": "o.pki.goog",
          "Port": 80,
          "Requests": [
            {
              "CompressionType": "",
              "DataType": "application/ocsp-response",
              "DownloadTime": 47,
              "EventId": 892,
              "HttpStatus": 200,
              "Size": 5,
              "URL": "http://o.pki.goog/we2"
            },
            {
              "CompressionType": "",
              "DataType": "application/ocsp-response",
              "DownloadTime": 47,
              "EventId": 882,
              "HttpStatus": 200,
              "Size": 5,
              "URL": "http://o.pki.goog/we2"
            },
            {
              "CompressionType": "",
              "DataType": "application/ocsp-response",
              "DownloadTime": 47,
              "EventId": 880,
              "HttpStatus": 200,
              "Size": 281,
              "URL": "http://o.pki.goog/we2"
            },
            {
              "CompressionType": "",
              "DataType": "application/ocsp-response",
              "DownloadTime": 47,
              "EventId": 876,
              "HttpStatus": 200,
              "Size": 280,
              "URL": "http://o.pki.goog/we2"
            },
            {
              "CompressionType": "",
              "DataType": "application/ocsp-response",
              "DownloadTime": 47,
              "EventId": 818,
              "HttpStatus": 200,
              "Size": 472,
              "URL": "http://o.pki.goog/wr2"
            },
            {
              "CompressionType": "",
              "DataType": "application/ocsp-response",
              "DownloadTime": 47,
              "EventId": 694,
              "HttpStatus": 200,
              "Size": 5,
              "URL": "http://o.pki.goog/wr2"
            },
            {
              "CompressionType": "",
              "DataType": "application/ocsp-response",
              "DownloadTime": 47,
              "EventId": 367,
              "HttpStatus": 200,
              "Size": 472,
              "URL": "http://o.pki.goog/s/wr3/yvU"
            }
          ],
          "SSLCipher": "None",
          "SSLVersion": "None"
        }
      ],
      "IncludeInScript": true
    },
    {
      "DomainName": "mozilla.org",
      "Domains": [
        {
          "HTTPVersion": "HTTP/1.1",
          "IP": "34.120.208.123",
          "IncludeInScript": false,
          "Name": "incoming.telemetry.mozilla.org",
          "Port": 443,
          "Requests": [
            {
              "CompressionType": "gzip",
              "DataType": "text/plain",
              "DownloadTime": 391,
              "EventId": 955,
              "HttpStatus": 200,
              "Size": 20,
              "URL": "https://incoming.telemetry.mozilla.org/submit/telemetry/27a6edad-b0ed-4317-b5dd-a01d8989d18d/main/Firefox/130.0.1/release/20240913135723?v=4"
            },
            {
              "CompressionType": "gzip",
              "DataType": "text/plain",
              "DownloadTime": 406,
              "EventId": 676,
              "HttpStatus": 200,
              "Size": 20,
              "URL": "https://incoming.telemetry.mozilla.org/submit/firefox-desktop/newtab/1/0361a72b-b528-4e81-b752-a183d15bbf67"
            },
            {
              "CompressionType": "gzip",
              "DataType": "text/plain",
              "DownloadTime": 282,
              "EventId": 441,
              "HttpStatus": 200,
              "Size": 20,
              "URL": "https://incoming.telemetry.mozilla.org/submit/firefox-desktop/baseline/1/1004622c-61c3-46e1-82fc-2adab81c01ae"
            },
            {
              "CompressionType": "gzip",
              "DataType": "text/plain",
              "DownloadTime": 282,
              "EventId": 439,
              "HttpStatus": 200,
              "Size": 20,
              "URL": "https://incoming.telemetry.mozilla.org/submit/firefox-desktop/newtab/1/55493fc3-bdb3-4c30-b6b1-c36bb7197612"
            },
            {
              "CompressionType": "gzip",
              "DataType": "text/plain",
              "DownloadTime": 281,
              "EventId": 437,
              "HttpStatus": 200,
              "Size": 20,
              "URL": "https://incoming.telemetry.mozilla.org/submit/firefox-desktop/pageload/1/6a414f7c-3bfe-4302-a310-3e5ae7fbcdf3"
            },
            {
              "CompressionType": "gzip",
              "DataType": "text/plain",
              "DownloadTime": 281,
              "EventId": 435,
              "HttpStatus": 200,
              "Size": 20,
              "URL": "https://incoming.telemetry.mozilla.org/submit/firefox-desktop/use-counters/1/98218741-9ecc-4e53-a385-59a8967524da"
            },
            {
              "CompressionType": "gzip",
              "DataType": "text/plain",
              "DownloadTime": 297,
              "EventId": 433,
              "HttpStatus": 200,
              "Size": 20,
              "URL": "https://incoming.telemetry.mozilla.org/submit/firefox-desktop/newtab/1/ce3fb1e2-c1eb-4a85-9b20-69641d937fc0"
            },
            {
              "CompressionType": "gzip",
              "DataType": "text/plain",
              "DownloadTime": 297,
              "EventId": 425,
              "HttpStatus": 200,
              "Size": 20,
              "URL": "https://incoming.telemetry.mozilla.org/submit/firefox-desktop/events/1/6147ad74-276d-4330-9ca0-6eed43c04c4a"
            }
          ],
          "SSLCipher": "TLS_AES_256_GCM_SHA384",
          "SSLVersion": "TLS1.3"
        },
        {
          "HTTPVersion": "HTTP/1.1",
          "IP": "35.244.181.201",
          "IncludeInScript": false,
          "Name": "aus5.mozilla.org",
          "Port": 443,
          "Requests": [
            {
              "CompressionType": "gzip",
              "DataType": "text/xml",
              "DownloadTime": 219,
              "EventId": 421,
              "HttpStatus": 200,
              "Size": 452,
              "URL": "https://aus5.mozilla.org/update/6/Firefox/130.0.1/20240913135723/WINNT_x86_64-msvc-x64/ru/release/Windows_NT%252010.0.0.0.19045.5131%2520(x64)/ISET%3ASSE4_2%2CMEM%3A16303/default/default/update.xml?force=1"
            },
            {
              "CompressionType": "gzip",
              "DataType": "text/xml",
              "DownloadTime": 235,
              "EventId": 419,
              "HttpStatus": 200,
              "Size": 452,
              "URL": "https://aus5.mozilla.org/update/6/Firefox/130.0.1/20240913135723/WINNT_x86_64-msvc-x64/ru/release/Windows_NT%252010.0.0.0.19045.5131%2520(x64)/ISET%3ASSE4_2%2CMEM%3A16303/default/default/update.xml"
            }
          ],
          "SSLCipher": "TLS_AES_256_GCM_SHA384",
          "SSLVersion": "TLS1.3"
        }
      ],
      "IncludeInScript": true
    },
    {
      "DomainName": "mozilla.net",
      "Domains": [
        {
          "HTTPVersion": "HTTP/1.1",
          "IP": "34.160.144.191",
          "IncludeInScript": false,
          "Name": "content-signature-2.cdn.mozilla.net",
          "Port": 443,
          "Requests": [
            {
              "CompressionType": "",
              "DataType": "binary/octet-stream",
              "DownloadTime": 47,
              "EventId": 386,
              "HttpStatus": 200,
              "Size": 5348,
              "URL": "https://content-signature-2.cdn.mozilla.net/chains/remote-settings.content-signature.mozilla.org-2024-12-07-16-25-46.chain"
            }
          ],
          "SSLCipher": "TLS_AES_256_GCM_SHA384",
          "SSLVersion": "TLS1.3"
        }
      ],
      "IncludeInScript": true
    },
    {
      "DomainName": "mozilla.com",
      "Domains": [
        {
          "HTTPVersion": "HTTP/1.1",
          "IP": "34.107.243.93",
          "IncludeInScript": false,
          "Name": "push.services.mozilla.com",
          "Port": 443,
          "Requests": [
            {
              "CompressionType": "",
              "DataType": "",
              "DownloadTime": 218,
              "EventId": 423,
              "HttpStatus": 101,
              "Size": 0,
              "URL": "https://push.services.mozilla.com/"
            }
          ],
          "SSLCipher": "TLS_AES_256_GCM_SHA384",
          "SSLVersion": "TLS1.3"
        },
        {
          "HTTPVersion": "HTTP/1.1",
          "IP": "34.149.100.209",
          "IncludeInScript": false,
          "Name": "firefox.settings.services.mozilla.com",
          "Port": 443,
          "Requests": [
            {
              "CompressionType": "",
              "DataType": "",
              "DownloadTime": 32,
              "EventId": 361,
              "HttpStatus": 304,
              "Size": 0,
              "URL": "https://firefox.settings.services.mozilla.com/v1/buckets/main/collections/ms-language-packs/records/cfr-v1-ru"
            },
            {
              "CompressionType": "",
              "DataType": "application/json",
              "DownloadTime": 78,
              "EventId": 350,
              "HttpStatus": 200,
              "Size": 939,
              "URL": "https://firefox.settings.services.mozilla.com/v1/"
            }
          ],
          "SSLCipher": "TLS_AES_256_GCM_SHA384",
          "SSLVersion": "TLS1.3"
        },
        {
          "HTTPVersion": "HTTP/1.1",
          "IP": "34.117.188.166",
          "IncludeInScript": false,
          "Name": "contile.services.mozilla.com",
          "Port": 443,
          "Requests": [
            {
              "CompressionType": "",
              "DataType": "",
              "DownloadTime": 203,
              "EventId": 415,
              "HttpStatus": 204,
              "Size": 0,
              "URL": "https://contile.services.mozilla.com/v1/tiles"
            }
          ],
          "SSLCipher": "TLS_AES_256_GCM_SHA384",
          "SSLVersion": "TLS1.3"
        }
      ],
      "IncludeInScript": true
    },
    {
      "DomainName": "lencr.org",
      "Domains": [
        {
          "HTTPVersion": "HTTP/1.1",
          "IP": "128.75.237.161",
          "IncludeInScript": false,
          "Name": "r11.o.lencr.org",
          "Port": 80,
          "Requests": [
            {
              "CompressionType": "",
              "DataType": "application/ocsp-response",
              "DownloadTime": 47,
              "EventId": 359,
              "HttpStatus": 200,
              "Size": 5,
              "URL": "http://r11.o.lencr.org/"
            },
            {
              "CompressionType": "",
              "DataType": "application/ocsp-response",
              "DownloadTime": 31,
              "EventId": 357,
              "HttpStatus": 200,
              "Size": 5,
              "URL": "http://r11.o.lencr.org/"
            },
            {
              "CompressionType": "",
              "DataType": "application/ocsp-response",
              "DownloadTime": 47,
              "EventId": 348,
              "HttpStatus": 200,
              "Size": 5,
              "URL": "http://r11.o.lencr.org/"
            },
            {
              "CompressionType": "",
              "DataType": "application/ocsp-response",
              "DownloadTime": 47,
              "EventId": 346,
              "HttpStatus": 200,
              "Size": 504,
              "URL": "http://r11.o.lencr.org/"
            }
          ],
          "SSLCipher": "None",
          "SSLVersion": "None"
        },
        {
          "HTTPVersion": "HTTP/1.1",
          "IP": "128.75.237.147",
          "IncludeInScript": false,
          "Name": "r10.o.lencr.org",
          "Port": 80,
          "Requests": [
            {
              "CompressionType": "",
              "DataType": "application/ocsp-response",
              "DownloadTime": 31,
              "EventId": 661,
              "HttpStatus": 200,
              "Size": 5,
              "URL": "http://r10.o.lencr.org/"
            },
            {
              "CompressionType": "",
              "DataType": "application/ocsp-response",
              "DownloadTime": 47,
              "EventId": 655,
              "HttpStatus": 200,
              "Size": 5,
              "URL": "http://r10.o.lencr.org/"
            },
            {
              "CompressionType": "",
              "DataType": "application/ocsp-response",
              "DownloadTime": 78,
              "EventId": 390,
              "HttpStatus": 200,
              "Size": 5,
              "URL": "http://r10.o.lencr.org/"
            },
            {
              "CompressionType": "",
              "DataType": "application/ocsp-response",
              "DownloadTime": 47,
              "EventId": 370,
              "HttpStatus": 200,
              "Size": 5,
              "URL": "http://r10.o.lencr.org/"
            },
            {
              "CompressionType": "",
              "DataType": "application/ocsp-response",
              "DownloadTime": 63,
              "EventId": 353,
              "HttpStatus": 200,
              "Size": 5,
              "URL": "http://r10.o.lencr.org/"
            }
          ],
          "SSLCipher": "None",
          "SSLVersion": "None"
        }
      ],
      "IncludeInScript": true
    },
    {
      "DomainName": "googletagmanager.com",
      "Domains": [
        {
          "HTTPVersion": "HTTP/1.1",
          "IP": "74.125.205.97",
          "IncludeInScript": false,
          "Name": "www.googletagmanager.com",
          "Port": 443,
          "Requests": [
            {
              "CompressionType": "br",
              "DataType": "application/javascript",
              "DownloadTime": 172,
              "EventId": 724,
              "HttpStatus": 200,
              "Size": 107901,
              "URL": "https://www.googletagmanager.com/gtag/js?id=G-TBPYED8WSW"
            }
          ],
          "SSLCipher": "TLS_AES_256_GCM_SHA384",
          "SSLVersion": "TLS1.3"
        }
      ],
      "IncludeInScript": true
    },
    {
      "DomainName": "firefox.com",
      "Domains": [
        {
          "HTTPVersion": "HTTP/1.1",
          "IP": "34.107.221.82",
          "IncludeInScript": false,
          "Name": "detectportal.firefox.com",
          "Port": 80,
          "Requests": [
            {
              "CompressionType": "",
              "DataType": "text/plain",
              "DownloadTime": 46,
              "EventId": 417,
              "HttpStatus": 200,
              "Size": 8,
              "URL": "http://detectportal.firefox.com/success.txt?ipv4"
            },
            {
              "CompressionType": "",
              "DataType": "text/html",
              "DownloadTime": 47,
              "EventId": 406,
              "HttpStatus": 200,
              "Size": 90,
              "URL": "http://detectportal.firefox.com/canonical.html"
            },
            {
              "CompressionType": "",
              "DataType": "text/plain",
              "DownloadTime": 79,
              "EventId": 330,
              "HttpStatus": 200,
              "Size": 8,
              "URL": "http://detectportal.firefox.com/success.txt?ipv4"
            },
            {
              "CompressionType": "",
              "DataType": "text/html",
              "DownloadTime": 63,
              "EventId": 278,
              "HttpStatus": 200,
              "Size": 90,
              "URL": "http://detectportal.firefox.com/canonical.html"
            }
          ],
          "SSLCipher": "None",
          "SSLVersion": "None"
        }
      ],
      "IncludeInScript": true
    },
    {
      "DomainName": "digicert.com",
      "Domains": [
        {
          "HTTPVersion": "HTTP/1.1",
          "IP": "192.229.221.95",
          "IncludeInScript": false,
          "Name": "ocsp.digicert.com",
          "Port": 80,
          "Requests": [
            {
              "CompressionType": "",
              "DataType": "application/ocsp-response",
              "DownloadTime": 750,
              "EventId": 431,
              "HttpStatus": 200,
              "Size": 5,
              "URL": "http://ocsp.digicert.com/"
            },
            {
              "CompressionType": "",
              "DataType": "application/ocsp-response",
              "DownloadTime": 562,
              "EventId": 428,
              "HttpStatus": 200,
              "Size": 5,
              "URL": "http://ocsp.digicert.com/"
            },
            {
              "CompressionType": "",
              "DataType": "application/ocsp-response",
              "DownloadTime": 109,
              "EventId": 402,
              "HttpStatus": 200,
              "Size": 5,
              "URL": "http://ocsp.digicert.com/"
            }
          ],
          "SSLCipher": "None",
          "SSLVersion": "None"
        }
      ],
      "IncludeInScript": true
    },
    {
      "DomainName": "advantageonlineshopping.com",
      "Domains": [
        {
          "HTTPVersion": "HTTP/1.1",
          "IP": "54.227.55.203",
          "IncludeInScript": true,
          "Name": "www.advantageonlineshopping.com",
          "Port": 443,
          "Requests": [
            {
              "CompressionType": "",
              "DataType": "text/xml",
              "DownloadTime": 219,
              "EventId": 1184,
              "HttpStatus": 200,
              "Size": 402,
              "URL": "https://www.advantageonlineshopping.com/accountservice/ws/AccountLogoutRequest"
            },
            {
              "CompressionType": "gzip",
              "DataType": "application/json",
              "DownloadTime": 188,
              "EventId": 1154,
              "HttpStatus": 200,
              "Size": 66,
              "URL": "https://www.advantageonlineshopping.com/order/api/v1/carts/964281101"
            },
            {
              "CompressionType": "gzip",
              "DataType": "application/json",
              "DownloadTime": 641,
              "EventId": 1151,
              "HttpStatus": 200,
              "Size": 163,
              "URL": "https://www.advantageonlineshopping.com/order/api/v1/orders/users/964281101"
            },
            {
              "CompressionType": "",
              "DataType": "text/xml",
              "DownloadTime": 157,
              "EventId": 1149,
              "HttpStatus": 200,
              "Size": 401,
              "URL": "https://www.advantageonlineshopping.com/accountservice/ws/UpdateMasterCreditMethodRequest"
            },
            {
              "CompressionType": "",
              "DataType": "image/png",
              "DownloadTime": 172,
              "EventId": 1144,
              "HttpStatus": 200,
              "Size": 3149,
              "URL": "https://www.advantageonlineshopping.com/css/images/Check.png"
            },
            {
              "CompressionType": "",
              "DataType": "image/png",
              "DownloadTime": 219,
              "EventId": 1142,
              "HttpStatus": 200,
              "Size": 1319,
              "URL": "https://www.advantageonlineshopping.com/css/images/Bell.png"
            },
            {
              "CompressionType": "",
              "DataType": "image/png",
              "DownloadTime": 234,
              "EventId": 1137,
              "HttpStatus": 200,
              "Size": 2190,
              "URL": "https://www.advantageonlineshopping.com/css/images/Shipex.png"
            },
            {
              "CompressionType": "gzip",
              "DataType": "text/xml",
              "DownloadTime": 141,
              "EventId": 1131,
              "HttpStatus": 200,
              "Size": 4184,
              "URL": "https://www.advantageonlineshopping.com/accountservice/ws/GetCountriesRequest"
            },
            {
              "CompressionType": "",
              "DataType": "image/jpeg",
              "DownloadTime": 140,
              "EventId": 1123,
              "HttpStatus": 200,
              "Size": 4893,
              "URL": "https://www.advantageonlineshopping.com/css/images/User.jpg"
            },
            {
              "CompressionType": "gzip",
              "DataType": "text/html",
              "DownloadTime": 157,
              "EventId": 1120,
              "HttpStatus": 200,
              "Size": 914,
              "URL": "https://www.advantageonlineshopping.com/app/order/views/orderPayment-page.html"
            },
            {
              "CompressionType": "",
              "DataType": "text/xml",
              "DownloadTime": 156,
              "EventId": 1118,
              "HttpStatus": 200,
              "Size": 535,
              "URL": "https://www.advantageonlineshopping.com/accountservice/ws/GetAccountPaymentPreferencesRequest"
            },
            {
              "CompressionType": "gzip",
              "DataType": "application/json",
              "DownloadTime": 203,
              "EventId": 1116,
              "HttpStatus": 200,
              "Size": 126,
              "URL": "https://www.advantageonlineshopping.com/order/api/v1/shippingcost/"
            },
            {
              "CompressionType": "gzip",
              "DataType": "application/json",
              "DownloadTime": 578,
              "EventId": 1114,
              "HttpStatus": 200,
              "Size": 242,
              "URL": "https://www.advantageonlineshopping.com/order/api/v1/carts/964281101"
            },
            {
              "CompressionType": "",
              "DataType": "text/xml",
              "DownloadTime": 172,
              "EventId": 1111,
              "HttpStatus": 200,
              "Size": 1211,
              "URL": "https://www.advantageonlineshopping.com/accountservice/ws/GetAccountByIdNewRequest"
            },
            {
              "CompressionType": "",
              "DataType": "text/xml",
              "DownloadTime": 172,
              "EventId": 1109,
              "HttpStatus": 200,
              "Size": 1276,
              "URL": "https://www.advantageonlineshopping.com/accountservice/ws/GetAccountByIdRequest"
            },
            {
              "CompressionType": "",
              "DataType": "",
              "DownloadTime": 141,
              "EventId": 1099,
              "HttpStatus": 304,
              "Size": 0,
              "URL": "https://www.advantageonlineshopping.com/app/views/shoppingCart.html"
            },
            {
              "CompressionType": "gzip",
              "DataType": "application/json",
              "DownloadTime": 610,
              "EventId": 1097,
              "HttpStatus": 200,
              "Size": 242,
              "URL": "https://www.advantageonlineshopping.com/order/api/v1/carts/964281101"
            },
            {
              "CompressionType": "gzip",
              "DataType": "application/json",
              "DownloadTime": 1109,
              "EventId": 1089,
              "HttpStatus": 201,
              "Size": 203,
              "URL": "https://www.advantageonlineshopping.com/order/api/v1/carts/964281101/product/16/color/414141?quantity=1"
            },
            {
              "CompressionType": "",
              "DataType": "image/jpeg",
              "DownloadTime": 390,
              "EventId": 1072,
              "HttpStatus": 200,
              "Size": 37365,
              "URL": "https://www.advantageonlineshopping.com/catalog/fetchImage?image_id=3103"
            },
            {
              "CompressionType": "",
              "DataType": "image/jpeg",
              "DownloadTime": 296,
              "EventId": 1068,
              "HttpStatus": 200,
              "Size": 16874,
              "URL": "https://www.advantageonlineshopping.com/catalog/fetchImage?image_id=3102"
            },
            {
              "CompressionType": "",
              "DataType": "image/png",
              "DownloadTime": 172,
              "EventId": 1066,
              "HttpStatus": 200,
              "Size": 1087,
              "URL": "https://www.advantageonlineshopping.com/css/images/review_Left_disabled.png"
            },
            {
              "CompressionType": "",
              "DataType": "image/jpeg",
              "DownloadTime": 312,
              "EventId": 982,
              "HttpStatus": 200,
              "Size": 37961,
              "URL": "https://www.advantageonlineshopping.com/catalog/fetchImage?image_id=3101"
            },
            {
              "CompressionType": "",
              "DataType": "video/mp4",
              "DownloadTime": 313,
              "EventId": 980,
              "HttpStatus": 206,
              "Size": 1130057,
              "URL": "https://www.advantageonlineshopping.com/css/videos/13543361_299823923688824_1410005144_n.mp4"
            },
            {
              "CompressionType": "",
              "DataType": "image/png",
              "DownloadTime": 156,
              "EventId": 976,
              "HttpStatus": 200,
              "Size": 1542,
              "URL": "https://www.advantageonlineshopping.com/css/images/reviewUser.png"
            },
            {
              "CompressionType": "",
              "DataType": "image/png",
              "DownloadTime": 141,
              "EventId": 974,
              "HttpStatus": 200,
              "Size": 1075,
              "URL": "https://www.advantageonlineshopping.com/css/images/review_right.png"
            },
            {
              "CompressionType": "gzip",
              "DataType": "text/html",
              "DownloadTime": 140,
              "EventId": 971,
              "HttpStatus": 200,
              "Size": 2360,
              "URL": "https://www.advantageonlineshopping.com/app/views/product-page.html"
            },
            {
              "CompressionType": "gzip",
              "DataType": "application/json",
              "DownloadTime": 640,
              "EventId": 969,
              "HttpStatus": 200,
              "Size": 1467,
              "URL": "https://www.advantageonlineshopping.com/catalog/api/v1/categories/3/products"
            },
            {
              "CompressionType": "gzip",
              "DataType": "application/json",
              "DownloadTime": 1000,
              "EventId": 967,
              "HttpStatus": 200,
              "Size": 10330,
              "URL": "https://www.advantageonlineshopping.com/catalog/api/v1/categories/all_data"
            },
            {
              "CompressionType": "gzip",
              "DataType": "application/json",
              "DownloadTime": 546,
              "EventId": 965,
              "HttpStatus": 200,
              "Size": 682,
              "URL": "https://www.advantageonlineshopping.com/catalog/api/v1/products/16"
            },
            {
              "CompressionType": "",
              "DataType": "",
              "DownloadTime": 141,
              "EventId": 963,
              "HttpStatus": 304,
              "Size": 0,
              "URL": "https://www.advantageonlineshopping.com/app/views/category-page.html"
            },
            {
              "CompressionType": "gzip",
              "DataType": "application/json",
              "DownloadTime": 594,
              "EventId": 961,
              "HttpStatus": 200,
              "Size": 552,
              "URL": "https://www.advantageonlineshopping.com/catalog/api/v1/categories/attributes"
            },
            {
              "CompressionType": "gzip",
              "DataType": "application/json",
              "DownloadTime": 656,
              "EventId": 959,
              "HttpStatus": 200,
              "Size": 1461,
              "URL": "https://www.advantageonlineshopping.com/catalog/api/v1/categories/3/products"
            },
            {
              "CompressionType": "gzip",
              "DataType": "application/json",
              "DownloadTime": 219,
              "EventId": 957,
              "HttpStatus": 200,
              "Size": 111,
              "URL": "https://www.advantageonlineshopping.com/order/api/v1/carts/964281101"
            },
            {
              "CompressionType": "",
              "DataType": "text/xml",
              "DownloadTime": 250,
              "EventId": 953,
              "HttpStatus": 200,
              "Size": 789,
              "URL": "https://www.advantageonlineshopping.com/accountservice/ws/AccountLoginRequest"
            },
            {
              "CompressionType": "",
              "DataType": "",
              "DownloadTime": 250,
              "EventId": 939,
              "HttpStatus": 304,
              "Size": 0,
              "URL": "https://www.advantageonlineshopping.com/css/fonts/roboto_thin_macroman/Roboto-Thin-webfont.woff"
            },
            {
              "CompressionType": "",
              "DataType": "",
              "DownloadTime": 250,
              "EventId": 935,
              "HttpStatus": 304,
              "Size": 0,
              "URL": "https://www.advantageonlineshopping.com/css/fonts/roboto_bold_macroman/Roboto-Bold-webfont.woff"
            },
            {
              "CompressionType": "",
              "DataType": "image/png",
              "DownloadTime": 406,
              "EventId": 908,
              "HttpStatus": 200,
              "Size": 2114,
              "URL": "https://www.advantageonlineshopping.com/css/images/GoUp.png"
            },
            {
              "CompressionType": "",
              "DataType": "image/png",
              "DownloadTime": 422,
              "EventId": 904,
              "HttpStatus": 200,
              "Size": 3003,
              "URL": "https://www.advantageonlineshopping.com/css/images/chat_logo.png"
            },
            {
              "CompressionType": "",
              "DataType": "image/jpeg",
              "DownloadTime": 266,
              "EventId": 902,
              "HttpStatus": 200,
              "Size": 32367,
              "URL": "https://www.advantageonlineshopping.com/css/images/Special-offer.jpg"
            },
            {
              "CompressionType": "gzip",
              "DataType": "text/html",
              "DownloadTime": 156,
              "EventId": 900,
              "HttpStatus": 200,
              "Size": 2243,
              "URL": "https://www.advantageonlineshopping.com/app/views/home-page.html"
            },
            {
              "CompressionType": "gzip",
              "DataType": "application/json",
              "DownloadTime": 140,
              "EventId": 898,
              "HttpStatus": 200,
              "Size": 500,
              "URL": "https://www.advantageonlineshopping.com/app/tempFiles/popularProducts.json"
            },
            {
              "CompressionType": "gzip",
              "DataType": "application/json",
              "DownloadTime": 500,
              "EventId": 885,
              "HttpStatus": 200,
              "Size": 351,
              "URL": "https://www.advantageonlineshopping.com/catalog/api/v1/deals/search?dealOfTheDay=true"
            },
            {
              "CompressionType": "gzip",
              "DataType": "application/json",
              "DownloadTime": 532,
              "EventId": 826,
              "HttpStatus": 200,
              "Size": 5268,
              "URL": "https://www.advantageonlineshopping.com/catalog/api/v1/categories"
            },
            {
              "CompressionType": "",
              "DataType": "text/xml",
              "DownloadTime": 171,
              "EventId": 820,
              "HttpStatus": 200,
              "Size": 823,
              "URL": "https://www.advantageonlineshopping.com/accountservice/ws/GetAccountConfigurationRequest"
            },
            {
              "CompressionType": "gzip",
              "DataType": "application/json",
              "DownloadTime": 156,
              "EventId": 813,
              "HttpStatus": 200,
              "Size": 6541,
              "URL": "https://www.advantageonlineshopping.com/catalog/api/v1/DemoAppConfig/parameters/by_tool/ALL"
            },
            {
              "CompressionType": "",
              "DataType": "font/woff",
              "DownloadTime": 281,
              "EventId": 754,
              "HttpStatus": 200,
              "Size": 25048,
              "URL": "https://www.advantageonlineshopping.com/css/fonts/roboto_medium_macroman/Roboto-Medium-webfont.woff"
            },
            {
              "CompressionType": "",
              "DataType": "font/woff",
              "DownloadTime": 282,
              "EventId": 750,
              "HttpStatus": 200,
              "Size": 24576,
              "URL": "https://www.advantageonlineshopping.com/css/fonts/roboto_light_macroman/Roboto-Light-webfont.woff"
            },
            {
              "CompressionType": "",
              "DataType": "",
              "DownloadTime": 140,
              "EventId": 722,
              "HttpStatus": 200,
              "Size": 1011,
              "URL": "https://www.advantageonlineshopping.com/services.properties"
            },
            {
              "CompressionType": "",
              "DataType": "",
              "DownloadTime": 156,
              "EventId": 692,
              "HttpStatus": 304,
              "Size": 0,
              "URL": "https://www.advantageonlineshopping.com/css/fonts/roboto_regular_macroman/Roboto-Regular-webfont.woff"
            },
            {
              "CompressionType": "",
              "DataType": "",
              "DownloadTime": 140,
              "EventId": 690,
              "HttpStatus": 304,
              "Size": 0,
              "URL": "https://www.advantageonlineshopping.com/main.min.js"
            },
            {
              "CompressionType": "",
              "DataType": "",
              "DownloadTime": 297,
              "EventId": 682,
              "HttpStatus": 304,
              "Size": 0,
              "URL": "https://www.advantageonlineshopping.com/vendor/requirejs/require.js"
            },
            {
              "CompressionType": "",
              "DataType": "image/svg+xml",
              "DownloadTime": 313,
              "EventId": 678,
              "HttpStatus": 200,
              "Size": 795,
              "URL": "https://www.advantageonlineshopping.com/css/images/Down_arrow.svg"
            },
            {
              "CompressionType": "gzip",
              "DataType": "text/css",
              "DownloadTime": 359,
              "EventId": 674,
              "HttpStatus": 200,
              "Size": 30101,
              "URL": "https://www.advantageonlineshopping.com/css/main.min.css"
            },
            {
              "CompressionType": "gzip",
              "DataType": "text/html",
              "DownloadTime": 156,
              "EventId": 667,
              "HttpStatus": 200,
              "Size": 2909,
              "URL": "https://www.advantageonlineshopping.com/"
            }
          ],
          "SSLCipher": "TLS_AES_256_GCM_SHA384",
          "SSLVersion": "TLS1.3"
        }
      ],
      "IncludeInScript": true
    }
  ],
  "WebSocket": {
    "IncludeInScript": false,
    "IsScriptIncludeWebSocket": true
  },
  "NumberOfCorrelations": 1
}