<SOAP-ENV:Envelope xmlns:SOAP-ENV="http://schemas.xmlsoap.org/soap/envelope/"><SOAP-ENV:Header/><SOAP-ENV:Body><ns2:AccountLoginResponse xmlns:ns2="com.advantage.online.store.accountservice"><ns2:StatusMessage><ns2:success>true</ns2:success><ns2:userId>699809117</ns2:userId><ns2:reason>Login Successful</ns2:reason><ns2:token>eyJ0eXAiOiJKV1QiLCJhbGciOiJIUzI1NiJ9.eyJpc3MiOiJ3d3cuYWR2YW50YWdlb25saW5lc2hvcHBpbmcuY29tIiwidXNlcklkIjo2OTk4MDkxMTcsInN1YiI6Ikpvam8zIiwicm9sZSI6IlVTRVIifQ.a8OMQOVJxX6TvPJwl5EO5dwUzrGjut1QtcqY1PAgfLI</ns2:token><ns2:sessionId>19337c7bd18@7E8B1112839^i%699809117</ns2:sessionId><ns2:t_authorization>Sm9qbzM6T3JhT3JhMTIz</ns2:t_authorization><ns2:accountType>20</ns2:accountType></ns2:StatusMessage></ns2:AccountLoginResponse></SOAP-ENV:Body></SOAP-ENV:Envelope>