{
  "FilterHeaders": [
    {
      "Header": "x-requested-with",
      "IncludeInScript": true
    },
    {
      "Header": "user-agent",
      "IncludeInScript": false
    },
    {
      "Header": "upgrade-insecure-requests",
      "IncludeInScript": true
    },
    {
      "Header": "soapaction",
      "IncludeInScript": true
    },
    {
      "Header": "sec-fetch-user",
      "IncludeInScript": true
    },
    {
      "Header": "sec-fetch-site",
      "IncludeInScript": true
    },
    {
      "Header": "sec-fetch-mode",
      "IncludeInScript": true
    },
    {
      "Header": "sec-fetch-dest",
      "IncludeInScript": true
    },
    {
      "Header": "priority",
      "IncludeInScript": true
    },
    {
      "Header": "origin",
      "IncludeInScript": true
    },
    {
      "Header": "if-none-match",
      "IncludeInScript": false
    },
    {
      "Header": "if-modified-since",
      "IncludeInScript": false
    },
    {
      "Header": "authorization",
      "IncludeInScript": true
    },
    {
      "Header": "accept-language",
      "IncludeInScript": false
    },
    {
      "Header": "accept-encoding",
      "IncludeInScript": false
    },
    {
      "Header": "accept",
      "IncludeInScript": false
    }
  ],
  "FilterResources": [
    {
      "IsNonResource": true,
      "type": "text/xml"
    },
    {
      "IsNonResource": true,
      "type": "text/html"
    },
    {
      "IsNonResource": false,
      "type": "text/css"
    },
    {
      "IsNonResource": false,
      "type": "image/x-icon"
    },
    {
      "IsNonResource": true,
      "type": "application/json"
    }
  ],
  "GeneralInfo": {
    "BrowserVersion": "",
    "IsWinInetMode": false,
    "MaxUsedConnections": 5,
    "RecordedBrowser": "Firefox",
    "RecordingDate": "ноя-17-2024",
    "RecordingDuration": 320735,
    "RecordingMode": "N/A",
    "RecordingTimeStamp": 1731807336,
    "RecordingType": "Browser",
    "TotalBytesReceived": 55011,
    "TotalBytesSent": 21552,
    "TotalRequests": 22,
    "UserAgent": "Mozilla/5.0 (Windows NT 10.0; Win64; x64; rv:130.0) Gecko/20100101 Firefox/130.0"
  },
  "HostInfo": [
    {
      "DomainName": "o.pki.goog",
      "Domains": [
        {
          "HTTPVersion": "HTTP/1.1",
          "IP": "173.194.220.94",
          "IncludeInScript": false,
          "Name": "o.pki.goog",
          "Port": 80,
          "Requests": [
            {
              "CompressionType": "",
              "DataType": "application/ocsp-response",
              "DownloadTime": 47,
              "EventId": 844,
              "HttpStatus": 200,
              "Size": 5,
              "URL": "http://o.pki.goog/wr2"
            },
            {
              "CompressionType": "",
              "DataType": "application/ocsp-response",
              "DownloadTime": 47,
              "EventId": 841,
              "HttpStatus": 200,
              "Size": 472,
              "URL": "http://o.pki.goog/wr2"
            },
            {
              "CompressionType": "",
              "DataType": "application/ocsp-response",
              "DownloadTime": 47,
              "EventId": 839,
              "HttpStatus": 200,
              "Size": 280,
              "URL": "http://o.pki.goog/we2"
            },
            {
              "CompressionType": "",
              "DataType": "application/ocsp-response",
              "DownloadTime": 47,
              "EventId": 830,
              "HttpStatus": 200,
              "Size": 5,
              "URL": "http://o.pki.goog/we2"
            },
            {
              "CompressionType": "",
              "DataType": "application/ocsp-response",
              "DownloadTime": 47,
              "EventId": 679,
              "HttpStatus": 200,
              "Size": 5,
              "URL": "http://o.pki.goog/we2"
            },
            {
              "CompressionType": "",
              "DataType": "application/ocsp-response",
              "DownloadTime": 31,
              "EventId": 675,
              "HttpStatus": 200,
              "Size": 5,
              "URL": "http://o.pki.goog/wr2"
            },
            {
              "CompressionType": "",
              "DataType": "application/ocsp-response",
              "DownloadTime": 47,
              "EventId": 673,
              "HttpStatus": 200,
              "Size": 281,
              "URL": "http://o.pki.goog/we2"
            },
            {
              "CompressionType": "",
              "DataType": "application/ocsp-response",
              "DownloadTime": 47,
              "EventId": 670,
              "HttpStatus": 200,
              "Size": 471,
              "URL": "http://o.pki.goog/wr2"
            },
            {
              "CompressionType": "",
              "DataType": "application/ocsp-response",
              "DownloadTime": 62,
              "EventId": 639,
              "HttpStatus": 200,
              "Size": 5,
              "URL": "http://o.pki.goog/we2"
            },
            {
              "CompressionType": "",
              "DataType": "application/ocsp-response",
              "DownloadTime": 62,
              "EventId": 635,
              "HttpStatus": 200,
              "Size": 280,
              "URL": "http://o.pki.goog/we2"
            },
            {
              "CompressionType": "",
              "DataType": "application/ocsp-response",
              "DownloadTime": 110,
              "EventId": 377,
              "HttpStatus": 200,
              "Size": 472,
              "URL": "http://o.pki.goog/s/wr3/yvU"
            },
            {
              "CompressionType": "",
              "DataType": "application/ocsp-response",
              "DownloadTime": 47,
              "EventId": 322,
              "HttpStatus": 200,
              "Size": 5,
              "URL": "http://o.pki.goog/s/wr3/yvU"
            },
            {
              "CompressionType": "",
              "DataType": "application/ocsp-response",
              "DownloadTime": 171,
              "EventId": 318,
              "HttpStatus": 200,
              "Size": 5,
              "URL": "http://o.pki.goog/s/wr3/yvU"
            }
          ],
          "SSLCipher": "None",
          "SSLVersion": "None"
        }
      ],
      "IncludeInScript": true
    },
    {
      "DomainName": "mozilla.org",
      "Domains": [
        {
          "HTTPVersion": "HTTP/1.1",
          "IP": "34.120.208.123",
          "IncludeInScript": false,
          "Name": "incoming.telemetry.mozilla.org",
          "Port": 443,
          "Requests": [
            {
              "CompressionType": "gzip",
              "DataType": "text/plain",
              "DownloadTime": 391,
              "EventId": 600,
              "HttpStatus": 200,
              "Size": 20,
              "URL": "https://incoming.telemetry.mozilla.org/submit/firefox-desktop/newtab/1/57e0f118-2ff4-48ac-9613-1fafa07e3227"
            },
            {
              "CompressionType": "gzip",
              "DataType": "text/plain",
              "DownloadTime": 250,
              "EventId": 395,
              "HttpStatus": 200,
              "Size": 20,
              "URL": "https://incoming.telemetry.mozilla.org/submit/firefox-desktop/baseline/1/35b4a6cb-c507-435f-9f81-00c7ac29fbaa"
            },
            {
              "CompressionType": "gzip",
              "DataType": "text/plain",
              "DownloadTime": 250,
              "EventId": 393,
              "HttpStatus": 200,
              "Size": 20,
              "URL": "https://incoming.telemetry.mozilla.org/submit/firefox-desktop/newtab/1/8bf7e30a-f488-445e-b97e-e179726961a6"
            },
            {
              "CompressionType": "gzip",
              "DataType": "text/plain",
              "DownloadTime": 281,
              "EventId": 390,
              "HttpStatus": 200,
              "Size": 20,
              "URL": "https://incoming.telemetry.mozilla.org/submit/firefox-desktop/pageload/1/f791109c-89a0-417f-bc8c-27ccbbd48ce9"
            },
            {
              "CompressionType": "gzip",
              "DataType": "text/plain",
              "DownloadTime": 250,
              "EventId": 388,
              "HttpStatus": 200,
              "Size": 20,
              "URL": "https://incoming.telemetry.mozilla.org/submit/firefox-desktop/use-counters/1/168b3a85-10da-4503-b30c-70ad72011b27"
            },
            {
              "CompressionType": "gzip",
              "DataType": "text/plain",
              "DownloadTime": 297,
              "EventId": 386,
              "HttpStatus": 200,
              "Size": 20,
              "URL": "https://incoming.telemetry.mozilla.org/submit/firefox-desktop/newtab/1/e6520956-8ee2-4f9c-8338-be864927faca"
            }
          ],
          "SSLCipher": "TLS_AES_256_GCM_SHA384",
          "SSLVersion": "TLS1.3"
        },
        {
          "HTTPVersion": "HTTP/1.1",
          "IP": "35.244.181.201",
          "IncludeInScript": false,
          "Name": "aus5.mozilla.org",
          "Port": 443,
          "Requests": [
            {
              "CompressionType": "gzip",
              "DataType": "text/xml",
              "DownloadTime": 328,
              "EventId": 384,
              "HttpStatus": 200,
              "Size": 452,
              "URL": "https://aus5.mozilla.org/update/6/Firefox/130.0.1/20240913135723/WINNT_x86_64-msvc-x64/ru/release/Windows_NT%252010.0.0.0.19045.5131%2520(x64)/ISET%3ASSE4_2%2CMEM%3A16303/default/default/update.xml"
            },
            {
              "CompressionType": "gzip",
              "DataType": "text/xml",
              "DownloadTime": 265,
              "EventId": 340,
              "HttpStatus": 200,
              "Size": 452,
              "URL": "https://aus5.mozilla.org/update/6/Firefox/130.0.1/20240913135723/WINNT_x86_64-msvc-x64/ru/release/Windows_NT%252010.0.0.0.19045.5131%2520(x64)/ISET%3ASSE4_2%2CMEM%3A16303/default/default/update.xml?force=1"
            }
          ],
          "SSLCipher": "TLS_AES_256_GCM_SHA384",
          "SSLVersion": "TLS1.3"
        }
      ],
      "IncludeInScript": true
    },
    {
      "DomainName": "mozilla.net",
      "Domains": [
        {
          "HTTPVersion": "HTTP/1.1",
          "IP": "34.160.144.191",
          "IncludeInScript": false,
          "Name": "content-signature-2.cdn.mozilla.net",
          "Port": 443,
          "Requests": [
            {
              "CompressionType": "",
              "DataType": "binary/octet-stream",
              "DownloadTime": 47,
              "EventId": 353,
              "HttpStatus": 200,
              "Size": 5348,
              "URL": "https://content-signature-2.cdn.mozilla.net/chains/remote-settings.content-signature.mozilla.org-2024-12-07-16-25-46.chain"
            }
          ],
          "SSLCipher": "TLS_AES_256_GCM_SHA384",
          "SSLVersion": "TLS1.3"
        }
      ],
      "IncludeInScript": true
    },
    {
      "DomainName": "mozilla.com",
      "Domains": [
        {
          "HTTPVersion": "HTTP/1.1",
          "IP": "34.107.243.93",
          "IncludeInScript": false,
          "Name": "push.services.mozilla.com",
          "Port": 443,
          "Requests": [
            {
              "CompressionType": "",
              "DataType": "",
              "DownloadTime": 203,
              "EventId": 372,
              "HttpStatus": 101,
              "Size": 0,
              "URL": "https://push.services.mozilla.com/"
            }
          ],
          "SSLCipher": "TLS_AES_256_GCM_SHA384",
          "SSLVersion": "TLS1.3"
        },
        {
          "HTTPVersion": "HTTP/1.1",
          "IP": "34.149.100.209",
          "IncludeInScript": false,
          "Name": "firefox.settings.services.mozilla.com",
          "Port": 443,
          "Requests": [
            {
              "CompressionType": "",
              "DataType": "application/json",
              "DownloadTime": 47,
              "EventId": 309,
              "HttpStatus": 200,
              "Size": 939,
              "URL": "https://firefox.settings.services.mozilla.com/v1/"
            }
          ],
          "SSLCipher": "TLS_AES_256_GCM_SHA384",
          "SSLVersion": "TLS1.3"
        }
      ],
      "IncludeInScript": true
    },
    {
      "DomainName": "lencr.org",
      "Domains": [
        {
          "HTTPVersion": "HTTP/1.1",
          "IP": "128.75.237.161",
          "IncludeInScript": false,
          "Name": "r11.o.lencr.org",
          "Port": 80,
          "Requests": [
            {
              "CompressionType": "",
              "DataType": "application/ocsp-response",
              "DownloadTime": 47,
              "EventId": 331,
              "HttpStatus": 200,
              "Size": 5,
              "URL": "http://r11.o.lencr.org/"
            },
            {
              "CompressionType": "",
              "DataType": "application/ocsp-response",
              "DownloadTime": 31,
              "EventId": 328,
              "HttpStatus": 200,
              "Size": 504,
              "URL": "http://r11.o.lencr.org/"
            }
          ],
          "SSLCipher": "None",
          "SSLVersion": "None"
        },
        {
          "HTTPVersion": "HTTP/1.1",
          "IP": "128.75.237.147",
          "IncludeInScript": false,
          "Name": "r10.o.lencr.org",
          "Port": 80,
          "Requests": [
            {
              "CompressionType": "",
              "DataType": "application/ocsp-response",
              "DownloadTime": 31,
              "EventId": 586,
              "HttpStatus": 200,
              "Size": 5,
              "URL": "http://r10.o.lencr.org/"
            },
            {
              "CompressionType": "",
              "DataType": "application/ocsp-response",
              "DownloadTime": 31,
              "EventId": 582,
              "HttpStatus": 200,
              "Size": 5,
              "URL": "http://r10.o.lencr.org/"
            },
            {
              "CompressionType": "",
              "DataType": "application/ocsp-response",
              "DownloadTime": 32,
              "EventId": 347,
              "HttpStatus": 200,
              "Size": 5,
              "URL": "http://r10.o.lencr.org/"
            },
            {
              "CompressionType": "",
              "DataType": "application/ocsp-response",
              "DownloadTime": 32,
              "EventId": 333,
              "HttpStatus": 200,
              "Size": 5,
              "URL": "http://r10.o.lencr.org/"
            },
            {
              "CompressionType": "",
              "DataType": "application/ocsp-response",
              "DownloadTime": 281,
              "EventId": 315,
              "HttpStatus": 200,
              "Size": 5,
              "URL": "http://r10.o.lencr.org/"
            }
          ],
          "SSLCipher": "None",
          "SSLVersion": "None"
        }
      ],
      "IncludeInScript": true
    },
    {
      "DomainName": "google.com",
      "Domains": [
        {
          "HTTPVersion": "HTTP/1.1",
          "IP": "64.233.164.100",
          "IncludeInScript": false,
          "Name": "analytics.google.com",
          "Port": 443,
          "Requests": [
            {
              "CompressionType": "",
              "DataType": "text/plain",
              "DownloadTime": 313,
              "EventId": 853,
              "HttpStatus": 204,
              "Size": 0,
              "URL": "https://analytics.google.com/g/collect?v=2&tid=G-56EMNRF2S2&gtm=45je4bc0v9126552653za200&_p=1731807366258&gcd=13l3l3l3l2l1&npa=0&dma=0&tag_exp=101925629~102067555~102067808~102077855&ul=ru-ru&sr=1920x1080&cid=1428554695.1731610030&ir=1&frm=0&pscdl=noapi&_eu=EBAI&dl=https%3A%2F%2Fwww.advantageonlineshopping.com%2F&dt=%C2%A0Advantage%20Shopping&sid=1731800879&sct=8&seg=1&_s=6&tfd=297664"
            },
            {
              "CompressionType": "",
              "DataType": "text/plain",
              "DownloadTime": 63,
              "EventId": 851,
              "HttpStatus": 204,
              "Size": 0,
              "URL": "https://analytics.google.com/g/collect?v=2&tid=G-56EMNRF2S2&gtm=45je4bc0v9126552653za200&_p=1731807366258&_gaz=1&gcd=13l3l3l3l2l1&npa=0&dma=0&tag_exp=101925629~102067555~102067808~102077855&ul=ru-ru&sr=1920x1080&cid=1428554695.1731610030&ir=1&frm=0&pscdl=noapi&_eu=EBAI&_s=5&dl=https%3A%2F%2Fwww.advantageonlineshopping.com%2F&dt=%C2%A0Advantage%20Shopping&sid=1731800879&sct=8&seg=1&en=register&_ee=1&ep.event_category=Account&_et=202635&tfd=292620"
            }
          ],
          "SSLCipher": "TLS_AES_256_GCM_SHA384",
          "SSLVersion": "TLS1.3"
        }
      ],
      "IncludeInScript": true
    },
    {
      "DomainName": "getpocket.com",
      "Domains": [
        {
          "HTTPVersion": "HTTP/1.1",
          "IP": "34.117.188.166",
          "IncludeInScript": false,
          "Name": "spocs.getpocket.com",
          "Port": 443,
          "Requests": [
            {
              "CompressionType": "",
              "DataType": "application/json",
              "DownloadTime": 219,
              "EventId": 338,
              "HttpStatus": 200,
              "Size": 1168,
              "URL": "https://spocs.getpocket.com/spocs"
            }
          ],
          "SSLCipher": "TLS_AES_256_GCM_SHA384",
          "SSLVersion": "TLS1.3"
        }
      ],
      "IncludeInScript": true
    },
    {
      "DomainName": "firefox.com",
      "Domains": [
        {
          "HTTPVersion": "HTTP/1.1",
          "IP": "34.107.221.82",
          "IncludeInScript": false,
          "Name": "detectportal.firefox.com",
          "Port": 80,
          "Requests": [
            {
              "CompressionType": "",
              "DataType": "text/plain",
              "DownloadTime": 31,
              "EventId": 744,
              "HttpStatus": 200,
              "Size": 8,
              "URL": "http://detectportal.firefox.com/success.txt?ipv4"
            },
            {
              "CompressionType": "",
              "DataType": "text/html",
              "DownloadTime": 31,
              "EventId": 734,
              "HttpStatus": 200,
              "Size": 90,
              "URL": "http://detectportal.firefox.com/canonical.html"
            },
            {
              "CompressionType": "",
              "DataType": "text/plain",
              "DownloadTime": 47,
              "EventId": 374,
              "HttpStatus": 200,
              "Size": 8,
              "URL": "http://detectportal.firefox.com/success.txt?ipv4"
            },
            {
              "CompressionType": "",
              "DataType": "text/html",
              "DownloadTime": 47,
              "EventId": 362,
              "HttpStatus": 200,
              "Size": 90,
              "URL": "http://detectportal.firefox.com/canonical.html"
            },
            {
              "CompressionType": "",
              "DataType": "text/plain",
              "DownloadTime": 63,
              "EventId": 306,
              "HttpStatus": 200,
              "Size": 8,
              "URL": "http://detectportal.firefox.com/success.txt?ipv4"
            },
            {
              "CompressionType": "",
              "DataType": "text/html",
              "DownloadTime": 62,
              "EventId": 230,
              "HttpStatus": 200,
              "Size": 90,
              "URL": "http://detectportal.firefox.com/canonical.html"
            }
          ],
          "SSLCipher": "None",
          "SSLVersion": "None"
        }
      ],
      "IncludeInScript": true
    },
    {
      "DomainName": "digicert.com",
      "Domains": [
        {
          "HTTPVersion": "HTTP/1.1",
          "IP": "192.229.221.95",
          "IncludeInScript": false,
          "Name": "ocsp.digicert.com",
          "Port": 80,
          "Requests": [
            {
              "CompressionType": "",
              "DataType": "application/ocsp-response",
              "DownloadTime": 547,
              "EventId": 379,
              "HttpStatus": 200,
              "Size": 5,
              "URL": "http://ocsp.digicert.com/"
            },
            {
              "CompressionType": "",
              "DataType": "application/ocsp-response",
              "DownloadTime": 343,
              "EventId": 370,
              "HttpStatus": 200,
              "Size": 5,
              "URL": "http://ocsp.digicert.com/"
            },
            {
              "CompressionType": "",
              "DataType": "application/ocsp-response",
              "DownloadTime": 641,
              "EventId": 336,
              "HttpStatus": 200,
              "Size": 5,
              "URL": "http://ocsp.digicert.com/"
            }
          ],
          "SSLCipher": "None",
          "SSLVersion": "None"
        }
      ],
      "IncludeInScript": true
    },
    {
      "DomainName": "advantageonlineshopping.com",
      "Domains": [
        {
          "HTTPVersion": "HTTP/1.1",
          "IP": "54.227.55.203",
          "IncludeInScript": true,
          "Name": "www.advantageonlineshopping.com",
          "Port": 443,
          "Requests": [
            {
              "CompressionType": "gzip",
              "DataType": "application/json",
              "DownloadTime": 204,
              "EventId": 832,
              "HttpStatus": 200,
              "Size": 111,
              "URL": "https://www.advantageonlineshopping.com/order/api/v1/carts/699809117"
            },
            {
              "CompressionType": "",
              "DataType": "text/xml",
              "DownloadTime": 218,
              "EventId": 821,
              "HttpStatus": 200,
              "Size": 787,
              "URL": "https://www.advantageonlineshopping.com/accountservice/ws/AccountLoginRequest"
            },
            {
              "CompressionType": "",
              "DataType": "text/xml",
              "DownloadTime": 188,
              "EventId": 751,
              "HttpStatus": 200,
              "Size": 443,
              "URL": "https://www.advantageonlineshopping.com/accountservice/ws/AccountCreateRequest"
            },
            {
              "CompressionType": "",
              "DataType": "text/xml",
              "DownloadTime": 172,
              "EventId": 746,
              "HttpStatus": 200,
              "Size": 429,
              "URL": "https://www.advantageonlineshopping.com/accountservice/ws/AccountCreateRequest"
            },
            {
              "CompressionType": "",
              "DataType": "text/xml",
              "DownloadTime": 203,
              "EventId": 724,
              "HttpStatus": 200,
              "Size": 429,
              "URL": "https://www.advantageonlineshopping.com/accountservice/ws/AccountCreateRequest"
            },
            {
              "CompressionType": "gzip",
              "DataType": "text/xml",
              "DownloadTime": 156,
              "EventId": 701,
              "HttpStatus": 200,
              "Size": 4184,
              "URL": "https://www.advantageonlineshopping.com/accountservice/ws/GetCountriesRequest"
            },
            {
              "CompressionType": "gzip",
              "DataType": "text/html",
              "DownloadTime": 156,
              "EventId": 699,
              "HttpStatus": 200,
              "Size": 1469,
              "URL": "https://www.advantageonlineshopping.com/app/user/views/register-page.html"
            },
            {
              "CompressionType": "",
              "DataType": "",
              "DownloadTime": 141,
              "EventId": 693,
              "HttpStatus": 304,
              "Size": 0,
              "URL": "https://www.advantageonlineshopping.com/css/fonts/roboto_thin_macroman/Roboto-Thin-webfont.woff"
            },
            {
              "CompressionType": "",
              "DataType": "",
              "DownloadTime": 171,
              "EventId": 691,
              "HttpStatus": 304,
              "Size": 0,
              "URL": "https://www.advantageonlineshopping.com/css/fonts/roboto_bold_macroman/Roboto-Bold-webfont.woff"
            },
            {
              "CompressionType": "",
              "DataType": "",
              "DownloadTime": 156,
              "EventId": 689,
              "HttpStatus": 304,
              "Size": 0,
              "URL": "https://www.advantageonlineshopping.com/app/views/home-page.html"
            },
            {
              "CompressionType": "",
              "DataType": "",
              "DownloadTime": 156,
              "EventId": 687,
              "HttpStatus": 304,
              "Size": 0,
              "URL": "https://www.advantageonlineshopping.com/app/tempFiles/popularProducts.json"
            },
            {
              "CompressionType": "gzip",
              "DataType": "application/json",
              "DownloadTime": 563,
              "EventId": 685,
              "HttpStatus": 200,
              "Size": 351,
              "URL": "https://www.advantageonlineshopping.com/catalog/api/v1/deals/search?dealOfTheDay=true"
            },
            {
              "CompressionType": "gzip",
              "DataType": "application/json",
              "DownloadTime": 563,
              "EventId": 683,
              "HttpStatus": 200,
              "Size": 5284,
              "URL": "https://www.advantageonlineshopping.com/catalog/api/v1/categories"
            },
            {
              "CompressionType": "",
              "DataType": "text/xml",
              "DownloadTime": 172,
              "EventId": 665,
              "HttpStatus": 200,
              "Size": 823,
              "URL": "https://www.advantageonlineshopping.com/accountservice/ws/GetAccountConfigurationRequest"
            },
            {
              "CompressionType": "",
              "DataType": "",
              "DownloadTime": 235,
              "EventId": 659,
              "HttpStatus": 304,
              "Size": 0,
              "URL": "https://www.advantageonlineshopping.com/css/fonts/roboto_medium_macroman/Roboto-Medium-webfont.woff"
            },
            {
              "CompressionType": "gzip",
              "DataType": "application/json",
              "DownloadTime": 187,
              "EventId": 651,
              "HttpStatus": 200,
              "Size": 6541,
              "URL": "https://www.advantageonlineshopping.com/catalog/api/v1/DemoAppConfig/parameters/by_tool/ALL"
            },
            {
              "CompressionType": "",
              "DataType": "",
              "DownloadTime": 156,
              "EventId": 644,
              "HttpStatus": 304,
              "Size": 0,
              "URL": "https://www.advantageonlineshopping.com/css/fonts/roboto_light_macroman/Roboto-Light-webfont.woff"
            },
            {
              "CompressionType": "",
              "DataType": "",
              "DownloadTime": 156,
              "EventId": 637,
              "HttpStatus": 304,
              "Size": 0,
              "URL": "https://www.advantageonlineshopping.com/services.properties"
            },
            {
              "CompressionType": "",
              "DataType": "image/x-icon",
              "DownloadTime": 140,
              "EventId": 631,
              "HttpStatus": 200,
              "Size": 1150,
              "URL": "https://www.advantageonlineshopping.com/css/images/favicon.ico"
            },
            {
              "CompressionType": "",
              "DataType": "",
              "DownloadTime": 219,
              "EventId": 602,
              "HttpStatus": 304,
              "Size": 0,
              "URL": "https://www.advantageonlineshopping.com/css/fonts/roboto_regular_macroman/Roboto-Regular-webfont.woff"
            },
            {
              "CompressionType": "gzip",
              "DataType": "text/css",
              "DownloadTime": 344,
              "EventId": 598,
              "HttpStatus": 200,
              "Size": 30101,
              "URL": "https://www.advantageonlineshopping.com/css/main.min.css"
            },
            {
              "CompressionType": "gzip",
              "DataType": "text/html",
              "DownloadTime": 188,
              "EventId": 592,
              "HttpStatus": 200,
              "Size": 2909,
              "URL": "https://www.advantageonlineshopping.com/"
            }
          ],
          "SSLCipher": "TLS_AES_256_GCM_SHA384",
          "SSLVersion": "TLS1.3"
        }
      ],
      "IncludeInScript": true
    }
  ],
  "WebSocket": {
    "IncludeInScript": false,
    "IsScriptIncludeWebSocket": true
  },
  "NumberOfCorrelations": 0
}